url,mode,duration_ms,status,fetched_with,got_title,trial
https://www.facebook.com/share/1FCJHGZoVn/,anon,7177,ok,playwright,True,1
https://www.facebook.com/share/1FCJHGZoVn/,anon,5182,ok,playwright,True,2
https://www.facebook.com/share/1FCJHGZoVn/,anon,5260,ok,playwright,True,3
https://www.facebook.com/share/1FCJHGZoVn/,anon,5851,ok,playwright,True,4
https://www.facebook.com/share/1FCJHGZoVn/,anon,6131,ok,playwright,True,5
https://www.facebook.com/share/17M49uEnR5/,anon,5846,ok,playwright,True,1
https://www.facebook.com/share/17M49uEnR5/,anon,4987,ok,playwright,True,2
https://www.facebook.com/share/17M49uEnR5/,anon,5392,ok,playwright,True,3
https://www.facebook.com/share/17M49uEnR5/,anon,4897,ok,playwright,True,4
https://www.facebook.com/share/17M49uEnR5/,anon,4814,ok,playwright,True,5
https://www.facebook.com/TechOrange/posts/1245061314333266?rdid=MaPBVtQknzlxiksz#,anon,5212,ok,playwright,True,1
https://www.facebook.com/TechOrange/posts/1245061314333266?rdid=MaPBVtQknzlxiksz#,anon,4394,ok,playwright,True,2
https://www.facebook.com/TechOrange/posts/1245061314333266?rdid=MaPBVtQknzlxiksz#,anon,4253,ok,playwright,True,3
https://www.facebook.com/TechOrange/posts/1245061314333266?rdid=MaPBVtQknzlxiksz#,anon,4485,ok,playwright,True,4
https://www.facebook.com/TechOrange/posts/1245061314333266?rdid=MaPBVtQknzlxiksz#,anon,7344,ok,playwright,True,5
https://www.facebook.com/share/v/1S67D9YJP7/,anon,6800,ok,playwright,True,1
https://www.facebook.com/share/v/1S67D9YJP7/,anon,8260,ok,playwright,True,2
https://www.facebook.com/share/v/1S67D9YJP7/,anon,7051,ok,playwright,True,3
https://www.facebook.com/share/v/1S67D9YJP7/,anon,6467,ok,playwright,True,4
https://www.facebook.com/share/v/1S67D9YJP7/,anon,6028,ok,playwright,True,5
https://www.facebook.com/watch/?v=1143773194511717&rdid=eP9NXE8LHD8VBPl6,anon,1674,ok,requests,True,1
https://www.facebook.com/watch/?v=1143773194511717&rdid=eP9NXE8LHD8VBPl6,anon,2378,ok,requests,True,2
https://www.facebook.com/watch/?v=1143773194511717&rdid=eP9NXE8LHD8VBPl6,anon,2413,ok,requests,True,3
https://www.facebook.com/watch/?v=1143773194511717&rdid=eP9NXE8LHD8VBPl6,anon,2256,ok,requests,True,4
https://www.facebook.com/watch/?v=1143773194511717&rdid=eP9NXE8LHD8VBPl6,anon,1993,ok,requests,True,5
https://www.facebook.com/share/p/1Hix72LT2e/,anon,5955,ok,playwright,True,1
https://www.facebook.com/share/p/1Hix72LT2e/,anon,5818,ok,playwright,True,2
https://www.facebook.com/share/p/1Hix72LT2e/,anon,4860,ok,playwright,True,3
https://www.facebook.com/share/p/1Hix72LT2e/,anon,5479,ok,playwright,True,4
https://www.facebook.com/share/p/1Hix72LT2e/,anon,4971,ok,playwright,True,5
https://www.facebook.com/groups/1813935948839125/permalink/4529940857238607/?rdid=90NQ8BQDhgLaeSO3#,anon,5180,ok,playwright,True,1
https://www.facebook.com/groups/1813935948839125/permalink/4529940857238607/?rdid=90NQ8BQDhgLaeSO3#,anon,4908,ok,playwright,True,2
https://www.facebook.com/groups/1813935948839125/permalink/4529940857238607/?rdid=90NQ8BQDhgLaeSO3#,anon,4387,ok,playwright,True,3
https://www.facebook.com/groups/1813935948839125/permalink/4529940857238607/?rdid=90NQ8BQDhgLaeSO3#,anon,4431,ok,playwright,True,4
https://www.facebook.com/groups/1813935948839125/permalink/4529940857238607/?rdid=90NQ8BQDhgLaeSO3#,anon,4805,ok,playwright,True,5
https://www.facebook.com/share/v/1A9Ntz3k8Q/,anon,6776,ok,playwright,True,1
https://www.facebook.com/share/v/1A9Ntz3k8Q/,anon,7392,ok,playwright,True,2
https://www.facebook.com/share/v/1A9Ntz3k8Q/,anon,7200,ok,playwright,True,3
https://www.facebook.com/share/v/1A9Ntz3k8Q/,anon,6215,ok,playwright,True,4
https://www.facebook.com/share/v/1A9Ntz3k8Q/,anon,7825,ok,playwright,True,5
https://www.facebook.com/watch/?v=2037791633699632&rdid=1GER9nCdZ8bWwH6z,anon,2017,ok,requests,True,1
https://www.facebook.com/watch/?v=2037791633699632&rdid=1GER9nCdZ8bWwH6z,anon,2147,ok,requests,True,2
https://www.facebook.com/watch/?v=2037791633699632&rdid=1GER9nCdZ8bWwH6z,anon,1941,ok,requests,True,3
https://www.facebook.com/watch/?v=2037791633699632&rdid=1GER9nCdZ8bWwH6z,anon,2362,ok,requests,True,4
https://www.facebook.com/watch/?v=2037791633699632&rdid=1GER9nCdZ8bWwH6z,anon,1914,ok,requests,True,5
https://www.facebook.com/share/p/1D1W2YwvMJ/,anon,6119,ok,playwright,True,1
https://www.facebook.com/share/p/1D1W2YwvMJ/,anon,5058,ok,playwright,True,2
https://www.facebook.com/share/p/1D1W2YwvMJ/,anon,5214,ok,playwright,True,3
https://www.facebook.com/share/p/1D1W2YwvMJ/,anon,4860,ok,playwright,True,4
https://www.facebook.com/share/p/1D1W2YwvMJ/,anon,4371,ok,playwright,True,5
https://www.facebook.com/groups/3494771130751265/permalink/4321580211403682/?rdid=LHjz368c7NtmZWcz#,anon,4296,ok,playwright,True,1
https://www.facebook.com/groups/3494771130751265/permalink/4321580211403682/?rdid=LHjz368c7NtmZWcz#,anon,4290,ok,playwright,True,2
https://www.facebook.com/groups/3494771130751265/permalink/4321580211403682/?rdid=LHjz368c7NtmZWcz#,anon,4445,ok,playwright,True,3
https://www.facebook.com/groups/3494771130751265/permalink/4321580211403682/?rdid=LHjz368c7NtmZWcz#,anon,4286,ok,playwright,True,4
https://www.facebook.com/groups/3494771130751265/permalink/4321580211403682/?rdid=LHjz368c7NtmZWcz#,anon,5903,ok,playwright,True,5
https://www.facebook.com/share/v/17MhoeCBLK/,anon,5495,ok,playwright,True,1
https://www.facebook.com/share/v/17MhoeCBLK/,anon,5738,ok,playwright,True,2
https://www.facebook.com/share/v/17MhoeCBLK/,anon,5850,ok,playwright,True,3
https://www.facebook.com/share/v/17MhoeCBLK/,anon,5461,ok,playwright,True,4
https://www.facebook.com/share/v/17MhoeCBLK/,anon,6383,ok,playwright,True,5
https://www.facebook.com/61564650838712/videos/1405752940319599/?rdid=k4oRLOuNGI8mLbKL#,anon,2533,ok,requests,True,1
https://www.facebook.com/61564650838712/videos/1405752940319599/?rdid=k4oRLOuNGI8mLbKL#,anon,2171,ok,requests,True,2
https://www.facebook.com/61564650838712/videos/1405752940319599/?rdid=k4oRLOuNGI8mLbKL#,anon,2461,ok,requests,True,3
https://www.facebook.com/61564650838712/videos/1405752940319599/?rdid=k4oRLOuNGI8mLbKL#,anon,2335,ok,requests,True,4
https://www.facebook.com/61564650838712/videos/1405752940319599/?rdid=k4oRLOuNGI8mLbKL#,anon,1605,ok,requests,True,5
https://www.facebook.com/hersnailyuan,anon,5557,ok,playwright,True,1
https://www.facebook.com/hersnailyuan,anon,4727,ok,playwright,True,2
https://www.facebook.com/hersnailyuan,anon,4949,ok,playwright,True,3
https://www.facebook.com/hersnailyuan,anon,6666,ok,playwright,True,4
https://www.facebook.com/hersnailyuan,anon,4804,ok,playwright,True,5
https://www.instagram.com/hersnailyuan?igshid=YmMyMTA2M2Y%3D&fbclid=IwY2xjawNkgvdleHRuA2FlbQIxMABicmlkETE0ZlU5Q1lrUDVlTUZsdnlyAR45xzwOSNEk8bUkwmwLvFyfVHH9689Pq_BYXWPgAL8aLdwNSEy_tdVafYlgSA_aem_49wK3vUOY4BpQeutGyIt2Q,anon,2219,ok,requests,False,1
https://www.instagram.com/hersnailyuan?igshid=YmMyMTA2M2Y%3D&fbclid=IwY2xjawNkgvdleHRuA2FlbQIxMABicmlkETE0ZlU5Q1lrUDVlTUZsdnlyAR45xzwOSNEk8bUkwmwLvFyfVHH9689Pq_BYXWPgAL8aLdwNSEy_tdVafYlgSA_aem_49wK3vUOY4BpQeutGyIt2Q,anon,1966,ok,requests,False,2
https://www.instagram.com/hersnailyuan?igshid=YmMyMTA2M2Y%3D&fbclid=IwY2xjawNkgvdleHRuA2FlbQIxMABicmlkETE0ZlU5Q1lrUDVlTUZsdnlyAR45xzwOSNEk8bUkwmwLvFyfVHH9689Pq_BYXWPgAL8aLdwNSEy_tdVafYlgSA_aem_49wK3vUOY4BpQeutGyIt2Q,anon,1812,ok,requests,False,3
https://www.instagram.com/hersnailyuan?igshid=YmMyMTA2M2Y%3D&fbclid=IwY2xjawNkgvdleHRuA2FlbQIxMABicmlkETE0ZlU5Q1lrUDVlTUZsdnlyAR45xzwOSNEk8bUkwmwLvFyfVHH9689Pq_BYXWPgAL8aLdwNSEy_tdVafYlgSA_aem_49wK3vUOY4BpQeutGyIt2Q,anon,1598,ok,requests,False,4
https://www.instagram.com/hersnailyuan?igshid=YmMyMTA2M2Y%3D&fbclid=IwY2xjawNkgvdleHRuA2FlbQIxMABicmlkETE0ZlU5Q1lrUDVlTUZsdnlyAR45xzwOSNEk8bUkwmwLvFyfVHH9689Pq_BYXWPgAL8aLdwNSEy_tdVafYlgSA_aem_49wK3vUOY4BpQeutGyIt2Q,anon,1641,ok,requests,False,5
https://www.instagram.com/p/DE7AfJQJ6Ss/?img_index=1,anon,2168,ok,requests,False,1
https://www.instagram.com/p/DE7AfJQJ6Ss/?img_index=1,anon,1831,ok,requests,False,2
https://www.instagram.com/p/DE7AfJQJ6Ss/?img_index=1,anon,1803,ok,requests,False,3
https://www.instagram.com/p/DE7AfJQJ6Ss/?img_index=1,anon,1553,ok,requests,False,4
https://www.instagram.com/p/DE7AfJQJ6Ss/?img_index=1,anon,1944,ok,requests,False,5
https://www.instagram.com/p/DE7AfJQJ6Ss/?utm_source=ig_web_copy_link&igsh=MzRlODBiNWFlZA==,anon,1543,ok,requests,False,1
https://www.instagram.com/p/DE7AfJQJ6Ss/?utm_source=ig_web_copy_link&igsh=MzRlODBiNWFlZA==,anon,1537,ok,requests,False,2
https://www.instagram.com/p/DE7AfJQJ6Ss/?utm_source=ig_web_copy_link&igsh=MzRlODBiNWFlZA==,anon,1549,ok,requests,False,3
https://www.instagram.com/p/DE7AfJQJ6Ss/?utm_source=ig_web_copy_link&igsh=MzRlODBiNWFlZA==,anon,1917,ok,requests,False,4
https://www.instagram.com/p/DE7AfJQJ6Ss/?utm_source=ig_web_copy_link&igsh=MzRlODBiNWFlZA==,anon,2187,ok,requests,False,5
https://www.instagram.com/p/DE7AfJQJ6Ss/?utm_source=ig_web_button_share_sheet&igsh=MzRlODBiNWFlZA==,anon,1373,ok,requests,False,1
https://www.instagram.com/p/DE7AfJQJ6Ss/?utm_source=ig_web_button_share_sheet&igsh=MzRlODBiNWFlZA==,anon,1817,ok,requests,False,2
https://www.instagram.com/p/DE7AfJQJ6Ss/?utm_source=ig_web_button_share_sheet&igsh=MzRlODBiNWFlZA==,anon,1933,ok,requests,False,3
https://www.instagram.com/p/DE7AfJQJ6Ss/?utm_source=ig_web_button_share_sheet&igsh=MzRlODBiNWFlZA==,anon,1359,ok,requests,False,4
https://www.instagram.com/p/DE7AfJQJ6Ss/?utm_source=ig_web_button_share_sheet&igsh=MzRlODBiNWFlZA==,anon,1587,ok,requests,False,5
https://www.instagram.com/p/DP_apmFk4Wu/,anon,1686,ok,requests,False,1
https://www.instagram.com/p/DP_apmFk4Wu/,anon,1928,ok,requests,False,2
https://www.instagram.com/p/DP_apmFk4Wu/,anon,1622,ok,requests,False,3
https://www.instagram.com/p/DP_apmFk4Wu/,anon,1274,ok,requests,False,4
https://www.instagram.com/p/DP_apmFk4Wu/,anon,1786,ok,requests,False,5
https://www.instagram.com/reel/DP_apmFk4Wu/?utm_source=ig_web_copy_link&igsh=MzRlODBiNWFlZA==,anon,1742,ok,requests,False,1
https://www.instagram.com/reel/DP_apmFk4Wu/?utm_source=ig_web_copy_link&igsh=MzRlODBiNWFlZA==,anon,1728,ok,requests,False,2
https://www.instagram.com/reel/DP_apmFk4Wu/?utm_source=ig_web_copy_link&igsh=MzRlODBiNWFlZA==,anon,2168,ok,requests,False,3
https://www.instagram.com/reel/DP_apmFk4Wu/?utm_source=ig_web_copy_link&igsh=MzRlODBiNWFlZA==,anon,1799,ok,requests,False,4
https://www.instagram.com/reel/DP_apmFk4Wu/?utm_source=ig_web_copy_link&igsh=MzRlODBiNWFlZA==,anon,2034,ok,requests,False,5
https://www.instagram.com/hersnailyuan?utm_source=ig_web_button_share_sheet&igsh=ZDNlZDc0MzIxNw==,anon,1476,ok,requests,False,1
https://www.instagram.com/hersnailyuan?utm_source=ig_web_button_share_sheet&igsh=ZDNlZDc0MzIxNw==,anon,2046,ok,requests,False,2
https://www.instagram.com/hersnailyuan?utm_source=ig_web_button_share_sheet&igsh=ZDNlZDc0MzIxNw==,anon,1703,ok,requests,False,3
https://www.instagram.com/hersnailyuan?utm_source=ig_web_button_share_sheet&igsh=ZDNlZDc0MzIxNw==,anon,1975,ok,requests,False,4
https://www.instagram.com/hersnailyuan?utm_source=ig_web_button_share_sheet&igsh=ZDNlZDc0MzIxNw==,anon,2176,ok,requests,False,5
https://www.facebook.com/hersnailyuan/mentions,anon,8175,ok,playwright,True,1
https://www.facebook.com/hersnailyuan/mentions,anon,7182,ok,playwright,True,2
https://www.facebook.com/hersnailyuan/mentions,anon,8948,ok,playwright,True,3
https://www.facebook.com/hersnailyuan/mentions,anon,7437,ok,playwright,True,4
https://www.facebook.com/hersnailyuan/mentions,anon,6938,ok,playwright,True,5
https://www.facebook.com/hersnailyuan/live_videos,anon,6156,ok,playwright,False,1
https://www.facebook.com/hersnailyuan/live_videos,anon,6474,ok,playwright,False,2
https://www.facebook.com/hersnailyuan/live_videos,anon,6417,ok,playwright,False,3
https://www.facebook.com/hersnailyuan/live_videos,anon,5979,ok,playwright,False,4
https://www.facebook.com/hersnailyuan/live_videos,anon,5130,ok,playwright,False,5
https://www.facebook.com/photo/?fbid=1232085938938450&set=pb.100064111650453.-2207520000,anon,2050,ok,requests,False,1
https://www.facebook.com/photo/?fbid=1232085938938450&set=pb.100064111650453.-2207520000,anon,1567,ok,requests,False,2
https://www.facebook.com/photo/?fbid=1232085938938450&set=pb.100064111650453.-2207520000,anon,2262,ok,requests,False,3
https://www.facebook.com/photo/?fbid=1232085938938450&set=pb.100064111650453.-2207520000,anon,1918,ok,requests,False,4
https://www.facebook.com/photo/?fbid=1232085938938450&set=pb.100064111650453.-2207520000,anon,1689,ok,requests,False,5
https://www.facebook.com/share/p/17cWYoTQPo/?mibextid=wwXIfr,anon,6403,ok,playwright,True,1
https://www.facebook.com/share/p/17cWYoTQPo/?mibextid=wwXIfr,anon,6257,ok,playwright,True,2
https://www.facebook.com/share/p/17cWYoTQPo/?mibextid=wwXIfr,anon,7850,ok,playwright,True,3
https://www.facebook.com/share/p/17cWYoTQPo/?mibextid=wwXIfr,anon,6147,ok,playwright,True,4
https://www.facebook.com/share/p/17cWYoTQPo/?mibextid=wwXIfr,anon,5842,ok,playwright,True,5
https://www.facebook.com/groups/1704458599779581/permalink/5307390156153056/?mibextid=wwXIfr&rdid=s8vsupFKMTgKqTO0&share_url=https%3A%2F%2Fwww.facebook.com%2Fshare%2Fp%2F17cWYoTQPo%2F%3Fmibextid%3DwwXIfr#,anon,4811,ok,playwright,True,1
https://www.facebook.com/groups/1704458599779581/permalink/5307390156153056/?mibextid=wwXIfr&rdid=s8vsupFKMTgKqTO0&share_url=https%3A%2F%2Fwww.facebook.com%2Fshare%2Fp%2F17cWYoTQPo%2F%3Fmibextid%3DwwXIfr#,anon,4821,ok,playwright,True,2
https://www.facebook.com/groups/1704458599779581/permalink/5307390156153056/?mibextid=wwXIfr&rdid=s8vsupFKMTgKqTO0&share_url=https%3A%2F%2Fwww.facebook.com%2Fshare%2Fp%2F17cWYoTQPo%2F%3Fmibextid%3DwwXIfr#,anon,4987,ok,playwright,True,3
https://www.facebook.com/groups/1704458599779581/permalink/5307390156153056/?mibextid=wwXIfr&rdid=s8vsupFKMTgKqTO0&share_url=https%3A%2F%2Fwww.facebook.com%2Fshare%2Fp%2F17cWYoTQPo%2F%3Fmibextid%3DwwXIfr#,anon,4649,ok,playwright,True,4
https://www.facebook.com/groups/1704458599779581/permalink/5307390156153056/?mibextid=wwXIfr&rdid=s8vsupFKMTgKqTO0&share_url=https%3A%2F%2Fwww.facebook.com%2Fshare%2Fp%2F17cWYoTQPo%2F%3Fmibextid%3DwwXIfr#,anon,4880,ok,playwright,True,5
https://www.facebook.com/share/1RDhK7mtYY/?mibextid=wwXIfr,anon,7351,ok,playwright,False,1
https://www.facebook.com/share/1RDhK7mtYY/?mibextid=wwXIfr,anon,6950,ok,playwright,False,2
https://www.facebook.com/share/1RDhK7mtYY/?mibextid=wwXIfr,anon,10996,ok,playwright,False,3
https://www.facebook.com/share/1RDhK7mtYY/?mibextid=wwXIfr,anon,6381,ok,playwright,False,4
https://www.facebook.com/share/1RDhK7mtYY/?mibextid=wwXIfr,anon,5311,ok,playwright,False,5
https://www.facebook.com/photo.php?fbid=1387234192772611&set=a.666606608168710&type=3&mibextid=wwXIfr&rdid=j8aJdjRkl25NiPod&share_url=https%3A%2F%2Fwww.facebook.com%2Fshare%2F1RDhK7mtYY%2F%3Fmibextid%3DwwXIfr#,anon,1897,ok,requests,False,1
https://www.facebook.com/photo.php?fbid=1387234192772611&set=a.666606608168710&type=3&mibextid=wwXIfr&rdid=j8aJdjRkl25NiPod&share_url=https%3A%2F%2Fwww.facebook.com%2Fshare%2F1RDhK7mtYY%2F%3Fmibextid%3DwwXIfr#,anon,1735,ok,requests,False,2
https://www.facebook.com/photo.php?fbid=1387234192772611&set=a.666606608168710&type=3&mibextid=wwXIfr&rdid=j8aJdjRkl25NiPod&share_url=https%3A%2F%2Fwww.facebook.com%2Fshare%2F1RDhK7mtYY%2F%3Fmibextid%3DwwXIfr#,anon,2170,ok,requests,False,3
https://www.facebook.com/photo.php?fbid=1387234192772611&set=a.666606608168710&type=3&mibextid=wwXIfr&rdid=j8aJdjRkl25NiPod&share_url=https%3A%2F%2Fwww.facebook.com%2Fshare%2F1RDhK7mtYY%2F%3Fmibextid%3DwwXIfr#,anon,1812,ok,requests,False,4
https://www.facebook.com/photo.php?fbid=1387234192772611&set=a.666606608168710&type=3&mibextid=wwXIfr&rdid=j8aJdjRkl25NiPod&share_url=https%3A%2F%2Fwww.facebook.com%2Fshare%2F1RDhK7mtYY%2F%3Fmibextid%3DwwXIfr#,anon,1625,ok,requests,False,5
https://www.facebook.com/share/p/19NTkoKuui/?mibextid=wwXIfr,anon,7056,ok,playwright,True,1
https://www.facebook.com/share/p/19NTkoKuui/?mibextid=wwXIfr,anon,5362,ok,playwright,True,2
https://www.facebook.com/share/p/19NTkoKuui/?mibextid=wwXIfr,anon,5534,ok,playwright,True,3
https://www.facebook.com/share/p/19NTkoKuui/?mibextid=wwXIfr,anon,5863,ok,playwright,True,4
https://www.facebook.com/share/p/19NTkoKuui/?mibextid=wwXIfr,anon,4836,ok,playwright,True,5
https://www.facebook.com/groups/667611897482905/permalink/1846349482942468/?mibextid=wwXIfr&rdid=uiFOY780NTMnkouH&share_url=https%3A%2F%2Fwww.facebook.com%2Fshare%2Fp%2F19NTkoKuui%2F%3Fmibextid%3DwwXIfr#,anon,5300,ok,playwright,True,1
https://www.facebook.com/groups/667611897482905/permalink/1846349482942468/?mibextid=wwXIfr&rdid=uiFOY780NTMnkouH&share_url=https%3A%2F%2Fwww.facebook.com%2Fshare%2Fp%2F19NTkoKuui%2F%3Fmibextid%3DwwXIfr#,anon,4846,ok,playwright,True,2
https://www.facebook.com/groups/667611897482905/permalink/1846349482942468/?mibextid=wwXIfr&rdid=uiFOY780NTMnkouH&share_url=https%3A%2F%2Fwww.facebook.com%2Fshare%2Fp%2F19NTkoKuui%2F%3Fmibextid%3DwwXIfr#,anon,4562,ok,playwright,True,3
https://www.facebook.com/groups/667611897482905/permalink/1846349482942468/?mibextid=wwXIfr&rdid=uiFOY780NTMnkouH&share_url=https%3A%2F%2Fwww.facebook.com%2Fshare%2Fp%2F19NTkoKuui%2F%3Fmibextid%3DwwXIfr#,anon,4482,ok,playwright,True,4
https://www.facebook.com/groups/667611897482905/permalink/1846349482942468/?mibextid=wwXIfr&rdid=uiFOY780NTMnkouH&share_url=https%3A%2F%2Fwww.facebook.com%2Fshare%2Fp%2F19NTkoKuui%2F%3Fmibextid%3DwwXIfr#,anon,4777,ok,playwright,True,5
https://www.facebook.com/share/v/17gk4fh3aL/?mibextid=wwXIfr,anon,6476,ok,playwright,True,1
https://www.facebook.com/share/v/17gk4fh3aL/?mibextid=wwXIfr,anon,6326,ok,playwright,True,2
https://www.facebook.com/share/v/17gk4fh3aL/?mibextid=wwXIfr,anon,6162,ok,playwright,True,3
https://www.facebook.com/share/v/17gk4fh3aL/?mibextid=wwXIfr,anon,6084,ok,playwright,True,4
https://www.facebook.com/share/v/17gk4fh3aL/?mibextid=wwXIfr,anon,9230,ok,playwright,True,5
https://www.facebook.com/meme.ttshow/videos/幫我吹一下/1195357542384815/?mibextid=wwXIfr&rdid=mx1wRdPZtRVFM4hS,anon,2338,ok,requests,True,1
https://www.facebook.com/meme.ttshow/videos/幫我吹一下/1195357542384815/?mibextid=wwXIfr&rdid=mx1wRdPZtRVFM4hS,anon,1952,ok,requests,True,2
https://www.facebook.com/meme.ttshow/videos/幫我吹一下/1195357542384815/?mibextid=wwXIfr&rdid=mx1wRdPZtRVFM4hS,anon,2501,ok,requests,True,3
https://www.facebook.com/meme.ttshow/videos/幫我吹一下/1195357542384815/?mibextid=wwXIfr&rdid=mx1wRdPZtRVFM4hS,anon,1664,ok,requests,True,4
https://www.facebook.com/meme.ttshow/videos/幫我吹一下/1195357542384815/?mibextid=wwXIfr&rdid=mx1wRdPZtRVFM4hS,anon,1753,ok,requests,True,5
https://www.facebook.com/share/p/1QhsvhqxKC/?mibextid=wwXIfr,anon,9145,ok,playwright,True,1
https://www.facebook.com/share/p/1QhsvhqxKC/?mibextid=wwXIfr,anon,10305,ok,playwright,True,2
https://www.facebook.com/share/p/1QhsvhqxKC/?mibextid=wwXIfr,anon,6532,ok,playwright,True,3
https://www.facebook.com/share/p/1QhsvhqxKC/?mibextid=wwXIfr,anon,4637,ok,playwright,True,4
https://www.facebook.com/share/p/1QhsvhqxKC/?mibextid=wwXIfr,anon,4672,ok,playwright,True,5
https://www.facebook.com/groups/592850912909945/permalink/1189131896615174/?mibextid=wwXIfr&rdid=hsxG1Xtmh35dfvvV&share_url=https%3A%2F%2Fwww.facebook.com%2Fshare%2Fp%2F1QhsvhqxKC%2F%3Fmibextid%3DwwXIfr#,anon,5949,ok,playwright,True,1
https://www.facebook.com/groups/592850912909945/permalink/1189131896615174/?mibextid=wwXIfr&rdid=hsxG1Xtmh35dfvvV&share_url=https%3A%2F%2Fwww.facebook.com%2Fshare%2Fp%2F1QhsvhqxKC%2F%3Fmibextid%3DwwXIfr#,anon,4498,ok,playwright,True,2
https://www.facebook.com/groups/592850912909945/permalink/1189131896615174/?mibextid=wwXIfr&rdid=hsxG1Xtmh35dfvvV&share_url=https%3A%2F%2Fwww.facebook.com%2Fshare%2Fp%2F1QhsvhqxKC%2F%3Fmibextid%3DwwXIfr#,anon,4475,ok,playwright,True,3
https://www.facebook.com/groups/592850912909945/permalink/1189131896615174/?mibextid=wwXIfr&rdid=hsxG1Xtmh35dfvvV&share_url=https%3A%2F%2Fwww.facebook.com%2Fshare%2Fp%2F1QhsvhqxKC%2F%3Fmibextid%3DwwXIfr#,anon,5483,ok,playwright,True,4
https://www.facebook.com/groups/592850912909945/permalink/1189131896615174/?mibextid=wwXIfr&rdid=hsxG1Xtmh35dfvvV&share_url=https%3A%2F%2Fwww.facebook.com%2Fshare%2Fp%2F1QhsvhqxKC%2F%3Fmibextid%3DwwXIfr#,anon,4600,ok,playwright,True,5
https://www.facebook.com/share/17YUnYfuRh/?mibextid=wwXIfr,anon,4854,ok,playwright,True,1
https://www.facebook.com/share/17YUnYfuRh/?mibextid=wwXIfr,anon,4990,ok,playwright,True,2
https://www.facebook.com/share/17YUnYfuRh/?mibextid=wwXIfr,anon,7139,ok,playwright,True,3
https://www.facebook.com/share/17YUnYfuRh/?mibextid=wwXIfr,anon,10431,ok,playwright,True,4
https://www.facebook.com/share/17YUnYfuRh/?mibextid=wwXIfr,anon,12296,ok,playwright,True,5
https://www.facebook.com/100064820420967/posts/1256338826536786/?mibextid=wwXIfr&rdid=RvZxjuOQvyDhEzO8#,anon,6535,ok,playwright,True,1
https://www.facebook.com/100064820420967/posts/1256338826536786/?mibextid=wwXIfr&rdid=RvZxjuOQvyDhEzO8#,anon,5562,ok,playwright,True,2
https://www.facebook.com/100064820420967/posts/1256338826536786/?mibextid=wwXIfr&rdid=RvZxjuOQvyDhEzO8#,anon,7773,ok,playwright,True,3
https://www.facebook.com/100064820420967/posts/1256338826536786/?mibextid=wwXIfr&rdid=RvZxjuOQvyDhEzO8#,anon,6137,ok,playwright,True,4
https://www.facebook.com/100064820420967/posts/1256338826536786/?mibextid=wwXIfr&rdid=RvZxjuOQvyDhEzO8#,anon,5647,ok,playwright,True,5
https://www.facebook.com/share/1Cmt7QsSxP/?mibextid=wwXIfr,anon,6562,ok,playwright,True,1
https://www.facebook.com/share/1Cmt7QsSxP/?mibextid=wwXIfr,anon,5860,ok,playwright,True,2
https://www.facebook.com/share/1Cmt7QsSxP/?mibextid=wwXIfr,anon,7748,ok,playwright,True,3
https://www.facebook.com/share/1Cmt7QsSxP/?mibextid=wwXIfr,anon,7056,ok,playwright,True,4
https://www.facebook.com/share/1Cmt7QsSxP/?mibextid=wwXIfr,anon,6877,ok,playwright,True,5
https://www.facebook.com/share/1D9PTi7DtQ/?mibextid=wwXIfr,anon,5649,ok,playwright,False,1
https://www.facebook.com/share/1D9PTi7DtQ/?mibextid=wwXIfr,anon,8037,ok,playwright,False,2
https://www.facebook.com/share/1D9PTi7DtQ/?mibextid=wwXIfr,anon,6413,ok,playwright,False,3
https://www.facebook.com/share/1D9PTi7DtQ/?mibextid=wwXIfr,anon,5930,ok,playwright,False,4
https://www.facebook.com/share/1D9PTi7DtQ/?mibextid=wwXIfr,anon,6295,ok,playwright,False,5
https://www.facebook.com/share/1BVwLq1Mx4/?mibextid=wwXIfr,anon,6873,ok,playwright,True,1
https://www.facebook.com/share/1BVwLq1Mx4/?mibextid=wwXIfr,anon,7339,ok,playwright,True,2
https://www.facebook.com/share/1BVwLq1Mx4/?mibextid=wwXIfr,anon,5040,ok,playwright,True,3
https://www.facebook.com/share/1BVwLq1Mx4/?mibextid=wwXIfr,anon,6642,ok,playwright,True,4
https://www.facebook.com/share/1BVwLq1Mx4/?mibextid=wwXIfr,anon,7203,ok,playwright,True,5
https://www.facebook.com/Alan.Lin727?mibextid=wwXIfr&rdid=ogsrDw2aXvOzrjxt&share_url=https%3A%2F%2Fwww.facebook.com%2Fshare%2F1BVwLq1Mx4%2F%3Fmibextid%3DwwXIfr#,anon,7627,ok,playwright,True,1
https://www.facebook.com/Alan.Lin727?mibextid=wwXIfr&rdid=ogsrDw2aXvOzrjxt&share_url=https%3A%2F%2Fwww.facebook.com%2Fshare%2F1BVwLq1Mx4%2F%3Fmibextid%3DwwXIfr#,anon,6776,ok,playwright,True,2
https://www.facebook.com/Alan.Lin727?mibextid=wwXIfr&rdid=ogsrDw2aXvOzrjxt&share_url=https%3A%2F%2Fwww.facebook.com%2Fshare%2F1BVwLq1Mx4%2F%3Fmibextid%3DwwXIfr#,anon,5713,ok,playwright,True,3
https://www.facebook.com/Alan.Lin727?mibextid=wwXIfr&rdid=ogsrDw2aXvOzrjxt&share_url=https%3A%2F%2Fwww.facebook.com%2Fshare%2F1BVwLq1Mx4%2F%3Fmibextid%3DwwXIfr#,anon,6187,ok,playwright,True,4
https://www.facebook.com/Alan.Lin727?mibextid=wwXIfr&rdid=ogsrDw2aXvOzrjxt&share_url=https%3A%2F%2Fwww.facebook.com%2Fshare%2F1BVwLq1Mx4%2F%3Fmibextid%3DwwXIfr#,anon,4756,ok,playwright,True,5
https://www.facebook.com/share/p/14MAsz24PQ1/?,anon,7592,ok,playwright,True,1
https://www.facebook.com/share/p/14MAsz24PQ1/?,anon,4796,ok,playwright,True,2
https://www.facebook.com/share/p/14MAsz24PQ1/?,anon,6585,ok,playwright,True,3
https://www.facebook.com/share/p/14MAsz24PQ1/?,anon,5425,ok,playwright,True,4
https://www.facebook.com/share/p/14MAsz24PQ1/?,anon,4448,ok,playwright,True,5
https://www.facebook.com/share/p/17UvGcShPZ/?,anon,5254,ok,playwright,True,1
https://www.facebook.com/share/p/17UvGcShPZ/?,anon,4711,ok,playwright,True,2
https://www.facebook.com/share/p/17UvGcShPZ/?,anon,4407,ok,playwright,True,3
https://www.facebook.com/share/p/17UvGcShPZ/?,anon,4515,ok,playwright,True,4
https://www.facebook.com/share/p/17UvGcShPZ/?,anon,4314,ok,playwright,True,5
https://www.facebook.com/groups/coco888/permalink/3194109044092321/?rdid=hHXWAiF9ieq4PpmE&share_url=https%3A%2F%2Fwww.facebook.com%2Fshare%2Fp%2F17UvGcShPZ%2F#,anon,4184,ok,playwright,True,1
https://www.facebook.com/groups/coco888/permalink/3194109044092321/?rdid=hHXWAiF9ieq4PpmE&share_url=https%3A%2F%2Fwww.facebook.com%2Fshare%2Fp%2F17UvGcShPZ%2F#,anon,4158,ok,playwright,True,2
https://www.facebook.com/groups/coco888/permalink/3194109044092321/?rdid=hHXWAiF9ieq4PpmE&share_url=https%3A%2F%2Fwww.facebook.com%2Fshare%2Fp%2F17UvGcShPZ%2F#,anon,4468,ok,playwright,True,3
https://www.facebook.com/groups/coco888/permalink/3194109044092321/?rdid=hHXWAiF9ieq4PpmE&share_url=https%3A%2F%2Fwww.facebook.com%2Fshare%2Fp%2F17UvGcShPZ%2F#,anon,4086,ok,playwright,True,4
https://www.facebook.com/groups/coco888/permalink/3194109044092321/?rdid=hHXWAiF9ieq4PpmE&share_url=https%3A%2F%2Fwww.facebook.com%2Fshare%2Fp%2F17UvGcShPZ%2F#,anon,4144,ok,playwright,True,5
https://www.facebook.com/groups/coco888/permalink/3199718876864671/?rdid=LIpbDU2hZFNxhXVu&share_url=https%3A%2F%2Fwww.facebook.com%2Fshare%2Fp%2F1BSeUAR9YW%2F#,anon,4274,ok,playwright,True,1
https://www.facebook.com/groups/coco888/permalink/3199718876864671/?rdid=LIpbDU2hZFNxhXVu&share_url=https%3A%2F%2Fwww.facebook.com%2Fshare%2Fp%2F1BSeUAR9YW%2F#,anon,4785,ok,playwright,True,2
https://www.facebook.com/groups/coco888/permalink/3199718876864671/?rdid=LIpbDU2hZFNxhXVu&share_url=https%3A%2F%2Fwww.facebook.com%2Fshare%2Fp%2F1BSeUAR9YW%2F#,anon,4191,ok,playwright,True,3
https://www.facebook.com/groups/coco888/permalink/3199718876864671/?rdid=LIpbDU2hZFNxhXVu&share_url=https%3A%2F%2Fwww.facebook.com%2Fshare%2Fp%2F1BSeUAR9YW%2F#,anon,4162,ok,playwright,True,4
https://www.facebook.com/groups/coco888/permalink/3199718876864671/?rdid=LIpbDU2hZFNxhXVu&share_url=https%3A%2F%2Fwww.facebook.com%2Fshare%2Fp%2F1BSeUAR9YW%2F#,anon,4347,ok,playwright,True,5
https://www.facebook.com/share/p/1BSeUAR9YW/?,anon,4291,ok,playwright,True,1
https://www.facebook.com/share/p/1BSeUAR9YW/?,anon,4657,ok,playwright,True,2
https://www.facebook.com/share/p/1BSeUAR9YW/?,anon,4890,ok,playwright,True,3
https://www.facebook.com/share/p/1BSeUAR9YW/?,anon,4411,ok,playwright,True,4
https://www.facebook.com/share/p/1BSeUAR9YW/?,anon,4603,ok,playwright,True,5
https://www.instagram.com/p/DPJxbSPkzMs/?igsh=eWI4MWp6MWhnMjI3,anon,1846,ok,requests,False,1
https://www.instagram.com/p/DPJxbSPkzMs/?igsh=eWI4MWp6MWhnMjI3,anon,1936,ok,requests,False,2
https://www.instagram.com/p/DPJxbSPkzMs/?igsh=eWI4MWp6MWhnMjI3,anon,1579,ok,requests,False,3
https://www.instagram.com/p/DPJxbSPkzMs/?igsh=eWI4MWp6MWhnMjI3,anon,2237,ok,requests,False,4
https://www.instagram.com/p/DPJxbSPkzMs/?igsh=eWI4MWp6MWhnMjI3,anon,1561,ok,requests,False,5
https://www.instagram.com/reel/DP3mKoEk0nw/?igsh=MXg2M3ZuaGRuMjgzYw==,anon,1350,ok,requests,False,1
https://www.instagram.com/reel/DP3mKoEk0nw/?igsh=MXg2M3ZuaGRuMjgzYw==,anon,1738,ok,requests,False,2
https://www.instagram.com/reel/DP3mKoEk0nw/?igsh=MXg2M3ZuaGRuMjgzYw==,anon,1330,ok,requests,False,3
https://www.instagram.com/reel/DP3mKoEk0nw/?igsh=MXg2M3ZuaGRuMjgzYw==,anon,1790,ok,requests,False,4
https://www.instagram.com/reel/DP3mKoEk0nw/?igsh=MXg2M3ZuaGRuMjgzYw==,anon,1749,ok,requests,False,5
https://www.instagram.com/reel/DPxdi1oE28w/?igsh=YXN2Yzl3ajBuOTZj,anon,1735,ok,requests,False,1
https://www.instagram.com/reel/DPxdi1oE28w/?igsh=YXN2Yzl3ajBuOTZj,anon,1770,ok,requests,False,2
https://www.instagram.com/reel/DPxdi1oE28w/?igsh=YXN2Yzl3ajBuOTZj,anon,1993,ok,requests,False,3
https://www.instagram.com/reel/DPxdi1oE28w/?igsh=YXN2Yzl3ajBuOTZj,anon,1702,ok,requests,False,4
https://www.instagram.com/reel/DPxdi1oE28w/?igsh=YXN2Yzl3ajBuOTZj,anon,1918,ok,requests,False,5
https://www.instagram.com/xiao_xiao_54?igsh=bmthOXZubzVwcGU2,anon,1501,ok,requests,False,1
https://www.instagram.com/xiao_xiao_54?igsh=bmthOXZubzVwcGU2,anon,2180,ok,requests,False,2
https://www.instagram.com/xiao_xiao_54?igsh=bmthOXZubzVwcGU2,anon,2176,ok,requests,False,3
https://www.instagram.com/xiao_xiao_54?igsh=bmthOXZubzVwcGU2,anon,2173,ok,requests,False,4
https://www.instagram.com/xiao_xiao_54?igsh=bmthOXZubzVwcGU2,anon,2228,ok,requests,False,5
https://www.instagram.com/p/DOybv_6E_Cp/?igsh=YnUzb2d4eHdxcWho,anon,2156,ok,requests,False,1
https://www.instagram.com/p/DOybv_6E_Cp/?igsh=YnUzb2d4eHdxcWho,anon,1800,ok,requests,False,2
https://www.instagram.com/p/DOybv_6E_Cp/?igsh=YnUzb2d4eHdxcWho,anon,1690,ok,requests,False,3
https://www.instagram.com/p/DOybv_6E_Cp/?igsh=YnUzb2d4eHdxcWho,anon,1841,ok,requests,False,4
https://www.instagram.com/p/DOybv_6E_Cp/?igsh=YnUzb2d4eHdxcWho,anon,2040,ok,requests,False,5
https://www.instagram.com/p/DHv7j9RykgjYChICOJw52x-cST8L6BLAVfRHd00/?igsh=MW1manI3cHR0NTVsdg==,anon,1836,ok,requests,False,1
https://www.instagram.com/p/DHv7j9RykgjYChICOJw52x-cST8L6BLAVfRHd00/?igsh=MW1manI3cHR0NTVsdg==,anon,1636,ok,requests,False,2
https://www.instagram.com/p/DHv7j9RykgjYChICOJw52x-cST8L6BLAVfRHd00/?igsh=MW1manI3cHR0NTVsdg==,anon,1632,ok,requests,False,3
https://www.instagram.com/p/DHv7j9RykgjYChICOJw52x-cST8L6BLAVfRHd00/?igsh=MW1manI3cHR0NTVsdg==,anon,2035,ok,requests,False,4
https://www.instagram.com/p/DHv7j9RykgjYChICOJw52x-cST8L6BLAVfRHd00/?igsh=MW1manI3cHR0NTVsdg==,anon,1571,ok,requests,False,5
https://www.instagram.com/wankipedia.54?igsh=MWpvZThncHQxbnYyNg==,anon,2206,ok,requests,False,1
https://www.instagram.com/wankipedia.54?igsh=MWpvZThncHQxbnYyNg==,anon,1577,ok,requests,False,2
https://www.instagram.com/wankipedia.54?igsh=MWpvZThncHQxbnYyNg==,anon,2021,ok,requests,False,3
https://www.instagram.com/wankipedia.54?igsh=MWpvZThncHQxbnYyNg==,anon,1816,ok,requests,False,4
https://www.instagram.com/wankipedia.54?igsh=MWpvZThncHQxbnYyNg==,anon,2101,ok,requests,False,5
https://www.instagram.com/wankipedia.54?igsh=MWpvZThncHQxbnYyNg%3D%3D,anon,1774,ok,requests,False,1
https://www.instagram.com/wankipedia.54?igsh=MWpvZThncHQxbnYyNg%3D%3D,anon,1583,ok,requests,False,2
https://www.instagram.com/wankipedia.54?igsh=MWpvZThncHQxbnYyNg%3D%3D,anon,1981,ok,requests,False,3
https://www.instagram.com/wankipedia.54?igsh=MWpvZThncHQxbnYyNg%3D%3D,anon,2143,ok,requests,False,4
https://www.instagram.com/wankipedia.54?igsh=MWpvZThncHQxbnYyNg%3D%3D,anon,1858,ok,requests,False,5
https://www.instagram.com/reel/DPuEnrWDQCD/?igsh=MTJ0cjhmbG56OHZlMg==,anon,2007,ok,requests,False,1
https://www.instagram.com/reel/DPuEnrWDQCD/?igsh=MTJ0cjhmbG56OHZlMg==,anon,1976,ok,requests,False,2
https://www.instagram.com/reel/DPuEnrWDQCD/?igsh=MTJ0cjhmbG56OHZlMg==,anon,2131,ok,requests,False,3
https://www.instagram.com/reel/DPuEnrWDQCD/?igsh=MTJ0cjhmbG56OHZlMg==,anon,1817,ok,requests,False,4
https://www.instagram.com/reel/DPuEnrWDQCD/?igsh=MTJ0cjhmbG56OHZlMg==,anon,2223,ok,requests,False,5
https://www.facebook.com/share/v/16w3tF1ML5/,anon,7000,ok,playwright,False,1
https://www.facebook.com/share/v/16w3tF1ML5/,anon,7423,ok,playwright,False,2
https://www.facebook.com/share/v/16w3tF1ML5/,anon,5065,ok,playwright,False,3
https://www.facebook.com/share/v/16w3tF1ML5/,anon,5144,ok,playwright,False,4
https://www.facebook.com/share/v/16w3tF1ML5/,anon,5016,ok,playwright,False,5
https://www.facebook.com/share/1EjLY3EfUn/,anon,6397,ok,playwright,True,1
https://www.facebook.com/share/1EjLY3EfUn/,anon,5456,ok,playwright,True,2
https://www.facebook.com/share/1EjLY3EfUn/,anon,4939,ok,playwright,True,3
https://www.facebook.com/share/1EjLY3EfUn/,anon,4746,ok,playwright,True,4
https://www.facebook.com/share/1EjLY3EfUn/,anon,4958,ok,playwright,True,5
https://www.facebook.com/groups/365558191440967/?ref=share&mibextid=NSMWBT,anon,4773,ok,playwright,True,1
https://www.facebook.com/groups/365558191440967/?ref=share&mibextid=NSMWBT,anon,5284,ok,playwright,True,2
https://www.facebook.com/groups/365558191440967/?ref=share&mibextid=NSMWBT,anon,5424,ok,playwright,True,3
https://www.facebook.com/groups/365558191440967/?ref=share&mibextid=NSMWBT,anon,4324,ok,playwright,False,4
https://www.facebook.com/groups/365558191440967/?ref=share&mibextid=NSMWBT,anon,4374,ok,playwright,False,5
https://www.facebook.com/100044513796334/posts/327314628762328/?mibextid=rS40aB7S9Ucbxw6v,anon,4285,ok,playwright,False,1
https://www.facebook.com/100044513796334/posts/327314628762328/?mibextid=rS40aB7S9Ucbxw6v,anon,4392,ok,playwright,False,2
https://www.facebook.com/100044513796334/posts/327314628762328/?mibextid=rS40aB7S9Ucbxw6v,anon,4076,ok,playwright,False,3
https://www.facebook.com/100044513796334/posts/327314628762328/?mibextid=rS40aB7S9Ucbxw6v,anon,4258,ok,playwright,False,4
https://www.facebook.com/100044513796334/posts/327314628762328/?mibextid=rS40aB7S9Ucbxw6v,anon,4074,ok,playwright,False,5
